"Živorojeni po dnevu rojstva, Slovenija, meseèno"

"MESEC","Dan rojstva - SKUPAJ","1","2","3","4","5","6","7","8","9","10","11","12","13","14","15","16","17","18","19","20","21","22","23","24","25","26","27","28","29","30","31"
"2000M01",1506,31,46,51,50,60,51,49,56,47,51,57,63,50,45,43,54,48,46,39,41,55,46,39,44,42,43,59,62,49,34,55
"2000M02",1429,53,44,55,58,34,31,59,44,51,54,45,52,44,64,60,44,55,55,37,49,49,54,55,39,44,53,35,53,59,-,-
"2000M03",1522,63,35,62,51,47,49,40,54,53,56,46,37,39,63,51,49,46,48,30,48,59,44,53,69,48,31,50,55,60,40,46
"2000M04",1546,53,50,50,47,50,36,63,46,33,50,61,55,50,50,56,53,59,49,54,65,63,35,35,38,53,76,49,62,55,50,-
"2000M05",1551,36,50,47,50,66,50,28,58,51,60,59,61,44,36,43,62,55,63,49,39,31,59,36,57,54,49,47,39,55,53,64
"2000M06",1480,55,30,39,39,57,68,54,43,49,45,43,60,66,45,45,53,44,27,54,38,48,53,53,45,45,68,53,62,50,49,-
"2000M07",1527,58,41,62,49,43,57,62,45,40,41,48,48,44,49,47,36,57,62,57,38,49,51,32,47,56,65,50,60,41,39,53
"2000M08",1570,44,71,58,62,51,37,54,49,53,49,49,47,46,65,63,48,43,65,53,46,46,54,50,59,42,40,43,38,51,47,47
"2000M09",1600,59,52,40,56,57,59,55,54,46,38,66,55,53,51,56,51,46,46,59,60,50,40,48,52,57,61,62,57,62,52,-
"2000M10",1554,45,77,61,59,73,64,50,44,47,54,51,52,48,33,23,53,43,57,44,60,53,41,49,59,51,44,49,35,41,52,42
"2000M11",1400,34,53,60,38,38,46,58,56,44,45,53,27,58,40,48,42,60,41,43,49,45,39,49,46,41,44,57,53,50,43,-
"2000M12",1495,46,39,36,45,69,43,45,46,49,33,55,45,50,54,61,44,28,42,42,55,54,49,59,50,33,41,70,58,52,57,45
"2001M01",1547,25,27,56,56,58,44,39,48,39,49,53,46,37,51,59,69,60,60,52,46,35,45,51,65,61,61,53,43,72,45,42
"2001M02",1297,59,43,43,35,59,46,50,37,51,43,31,46,55,48,53,55,40,24,45,54,49,47,66,43,45,41,47,42,-,-,-
"2001M03",1478,50,57,51,35,54,55,52,47,62,28,39,52,44,34,46,54,36,29,56,43,61,47,58,36,38,65,49,48,62,47,43
"2001M04",1409,38,35,53,37,48,49,40,36,47,54,45,60,43,46,40,37,46,46,58,49,42,40,68,52,55,38,45,51,45,66,-
"2001M05",1536,52,47,60,66,40,52,55,42,55,53,50,56,33,60,45,54,53,54,45,32,55,39,63,54,56,36,39,48,45,46,51
"2001M06",1396,49,38,29,45,50,53,51,56,30,45,45,51,64,65,50,33,39,53,42,51,51,56,43,35,26,57,49,49,52,39,-
"2001M07",1553,47,50,54,58,54,42,56,39,56,48,44,52,44,37,35,54,45,50,55,62,35,53,63,48,60,51,59,58,28,56,60
"2001M08",1438,51,45,55,46,46,49,46,58,45,51,39,34,43,46,35,54,58,52,37,44,39,60,46,46,44,39,46,40,50,55,39
"2001M09",1486,52,27,45,42,45,47,40,30,34,51,46,63,52,58,46,40,54,56,66,58,63,60,45,66,61,47,48,62,48,34,-
"2001M10",1468,67,54,45,47,54,46,37,57,56,43,37,43,45,33,39,50,49,50,49,42,34,57,48,60,51,50,28,46,40,66,45
"2001M11",1381,36,47,47,26,54,51,51,61,51,38,28,57,44,42,46,43,44,44,39,48,43,54,57,53,37,42,46,47,57,48,-
"2001M12",1488,42,44,51,43,50,45,51,53,35,58,43,37,56,54,37,38,56,50,49,55,59,36,42,61,43,26,50,61,50,53,60
"2002M01",1457,49,39,47,53,45,37,57,41,41,47,38,41,43,50,60,52,56,52,35,35,49,52,50,42,62,47,37,53,48,53,46
"2002M02",1307,52,45,57,39,42,50,55,47,48,30,52,52,41,49,49,50,44,57,51,45,46,44,31,30,56,51,49,45,-,-,-
"2002M03",1494,66,38,48,47,45,51,36,54,53,39,50,51,41,63,55,34,46,58,52,61,46,46,47,30,43,48,55,42,63,41,45
"2002M04",1407,39,50,54,54,51,45,38,47,58,59,55,47,46,36,38,48,45,57,56,35,30,47,42,44,54,61,32,39,48,52,-
"2002M05",1451,39,36,67,54,43,57,45,45,52,44,35,35,54,45,38,41,52,49,42,44,49,46,62,59,37,35,56,55,41,48,46
"2002M06",1457,34,36,59,43,46,48,56,34,44,52,34,60,57,49,50,52,50,46,64,54,50,50,37,66,39,56,59,50,39,43,-
"2002M07",1546,44,52,56,51,38,50,51,49,46,73,43,67,32,32,50,55,46,54,54,41,29,47,57,53,53,55,50,43,52,58,65
"2002M08",1502,48,55,51,39,57,53,51,52,58,47,35,53,48,48,35,58,58,42,47,49,51,47,38,48,40,50,59,52,42,54,37
"2002M09",1646,38,52,48,66,45,56,49,33,40,56,66,60,58,54,47,59,64,73,55,50,50,48,67,41,72,66,78,47,46,62,-
"2002M10",1507,65,43,56,65,45,27,45,62,68,70,54,33,24,37,38,51,54,49,43,48,42,40,51,59,45,45,47,54,54,59,34
"2002M11",1288,31,35,46,56,61,40,53,56,39,27,44,37,44,44,58,37,39,46,53,38,34,50,34,32,47,30,38,51,50,38,-
"2002M12",1439,36,50,46,40,48,56,34,36,46,45,61,70,46,37,44,51,55,64,40,58,35,43,64,51,45,48,30,42,29,45,44
"2003M01",1433,41,39,55,37,25,52,52,64,42,53,33,35,38,48,49,42,62,47,42,43,42,55,54,59,47,25,52,42,46,56,56
"2003M02",1336,48,39,37,53,55,36,65,29,34,47,47,48,53,66,39,37,51,47,59,60,51,40,48,46,56,46,52,47,-,-,-
"2003M03",1277,34,47,40,43,49,48,52,26,39,42,34,49,35,48,40,33,54,46,42,48,59,27,35,44,45,39,38,37,37,24,43
"2003M04",1419,41,42,35,51,39,46,45,44,44,43,65,46,32,53,53,53,44,63,43,31,33,53,67,40,61,56,41,49,52,54,-
"2003M05",1495,47,42,62,30,50,52,52,51,52,44,46,54,44,52,50,47,45,39,55,52,48,50,53,40,44,46,45,50,53,50,50
"2003M06",1492,56,50,39,62,54,55,40,38,49,55,55,51,38,40,43,39,49,57,53,59,40,47,65,63,48,52,59,49,39,48,-
"2003M07",1613,85,60,56,52,55,39,65,53,42,54,60,50,37,59,48,65,62,49,33,36,62,55,53,52,56,32,35,46,56,57,49
"2003M08",1438,51,40,31,52,64,53,54,61,50,42,42,53,52,59,43,39,40,43,48,39,45,50,33,31,50,53,59,53,37,36,35
"2003M09",1535,47,49,46,56,58,37,34,44,55,61,54,50,52,33,43,42,54,57,78,46,47,67,43,63,59,53,49,41,58,59,-
"2003M10",1490,53,43,52,41,32,54,62,53,58,47,50,40,46,66,41,55,61,35,36,45,53,61,46,59,34,27,50,52,42,49,47
"2003M11",1351,40,38,51,50,42,48,53,50,37,43,45,55,49,44,42,36,52,46,47,56,45,35,30,49,43,49,53,47,41,35,-
"2003M12",1442,43,35,59,50,50,31,32,67,41,48,52,55,34,29,50,46,47,52,58,51,44,57,43,56,33,38,40,34,49,64,54
"2004M01",1542,46,55,58,45,64,46,40,54,52,43,36,54,54,51,60,53,40,40,47,62,53,45,66,32,41,51,54,65,49,55,31
"2004M02",1373,37,55,48,50,40,52,50,42,54,44,43,43,54,40,36,52,43,60,49,47,49,40,58,42,55,43,63,35,49,-,-
"2004M03",1442,59,44,54,53,62,41,39,42,58,47,52,43,29,36,45,45,56,46,61,35,38,39,49,60,41,53,30,33,56,42,54
"2004M04",1461,39,56,37,40,51,48,61,49,54,38,39,34,64,41,70,44,42,33,54,64,58,70,51,36,38,51,51,45,54,49,-
"2004M05",1506,39,46,62,45,53,66,47,46,45,50,53,50,40,47,50,32,52,58,65,53,47,44,41,43,56,53,43,51,39,32,58
"2004M06",1494,55,53,57,45,52,36,53,51,52,57,52,33,33,46,58,63,50,57,39,30,52,47,68,60,43,49,40,65,44,54,-
"2004M07",1628,69,62,42,46,60,38,53,56,59,49,47,51,57,57,47,59,43,44,57,66,58,48,55,40,46,51,58,49,56,63,42
"2004M08",1531,40,56,54,58,52,56,50,37,50,60,52,52,46,36,44,55,55,53,51,54,42,39,56,52,52,50,52,48,31,55,43
"2004M09",1601,45,47,56,49,36,46,50,62,40,57,50,51,60,71,57,66,57,52,46,69,54,48,52,55,49,42,56,54,58,66,-
"2004M10",1486,49,33,29,48,50,53,54,60,30,45,52,61,42,59,65,41,45,43,55,40,45,46,44,39,53,62,55,37,59,46,46
"2004M11",1417,31,50,53,55,51,37,34,47,47,49,54,46,33,38,57,57,54,53,53,37,40,56,42,55,64,46,42,31,53,52,-
"2004M12",1480,56,58,37,37,29,58,35,52,51,48,46,45,56,50,52,53,63,54,47,48,54,53,53,42,40,41,56,49,48,29,40
"2005M01",1515,45,34,57,55,54,55,50,35,40,38,54,51,58,36,32,39,61,53,59,57,54,44,46,53,60,53,51,51,41,40,59
"2005M02",1373,53,47,45,52,41,38,48,42,50,71,40,46,35,54,53,56,42,60,34,41,54,70,61,66,45,47,35,47,-,-,-
"2005M03",1517,46,56,52,63,40,25,58,49,47,46,41,40,39,42,41,49,63,61,46,30,57,61,69,59,67,39,29,36,58,60,48
"2005M04",1462,64,45,36,52,57,41,43,53,33,34,58,59,48,52,53,29,40,56,64,60,65,52,39,40,55,61,33,42,53,45,-
"2005M05",1591,47,45,52,71,56,57,48,35,56,50,54,56,56,50,39,47,60,51,62,47,36,45,59,50,51,55,61,46,37,60,52
"2005M06",1511,42,60,40,39,48,44,51,45,54,45,43,44,46,52,54,75,61,36,39,56,54,57,62,61,40,32,52,51,72,56,-
"2005M07",1592,63,52,30,48,57,57,48,63,34,38,43,60,56,56,64,50,40,68,67,47,42,60,50,49,53,51,52,52,56,45,41
"2005M08",1560,66,56,43,64,40,29,25,61,51,43,44,35,56,43,37,53,58,89,62,39,29,51,54,68,53,62,45,46,51,55,52
"2005M09",1589,68,54,39,40,57,41,68,50,59,49,32,59,50,54,54,61,31,38,64,62,82,71,53,47,34,63,64,49,46,50,-
"2005M10",1546,56,48,53,59,57,54,50,42,31,57,39,50,45,42,51,48,49,50,51,45,52,52,37,63,56,48,63,63,49,47,39
"2005M11",1436,37,54,61,50,46,31,38,44,52,51,54,54,34,58,39,58,51,46,37,46,60,43,56,46,52,38,42,49,52,57,-
"2005M12",1465,64,60,48,35,42,37,51,38,44,44,25,51,50,59,54,58,38,29,59,60,48,48,46,31,46,42,55,50,60,53,40
"2006M01",1564,40,41,55,63,50,53,40,40,49,56,54,51,41,33,38,63,50,67,57,62,56,41,50,41,62,59,58,45,29,66,54
"2006M02",1298,48,55,58,34,40,47,56,35,53,56,45,40,44,56,45,47,50,37,30,37,46,51,54,69,41,30,43,51,-,-,-
"2006M03",1565,47,57,52,50,42,64,53,45,55,55,47,41,63,53,54,57,55,35,44,44,52,59,50,59,37,33,45,43,51,57,66
"2006M04",1420,29,31,46,60,50,37,56,40,44,55,48,50,60,49,46,30,42,41,59,64,55,44,38,61,53,54,48,41,42,47,-
"2006M05",1645,44,55,66,67,68,37,38,43,56,49,63,64,41,36,47,47,57,62,60,44,48,63,54,55,55,60,56,44,60,50,56
"2006M06",1640,62,59,50,34,64,57,50,55,62,50,38,59,49,71,55,50,51,54,53,55,74,52,62,52,43,62,51,65,50,51,-
"2006M07",1708,44,39,64,49,71,56,50,45,46,58,56,61,53,64,45,43,54,56,57,71,60,59,39,68,65,62,44,70,45,44,70
"2006M08",1725,61,63,54,66,55,51,53,63,64,67,49,35,39,55,45,65,63,74,42,52,51,70,46,58,62,54,45,46,62,61,54
"2006M09",1665,58,40,41,68,52,67,49,55,45,39,58,48,65,75,69,39,45,61,59,61,55,74,56,45,59,53,61,57,64,47,-
"2006M10",1738,49,53,71,71,68,53,44,40,74,62,65,59,60,40,48,53,51,58,61,69,50,48,57,64,54,63,46,45,53,63,46
"2006M11",1510,37,51,55,51,50,56,59,50,57,57,45,59,63,50,55,56,50,39,23,48,48,55,53,45,39,37,50,48,60,64,-
"2006M12",1454,64,40,49,53,56,44,49,49,42,36,46,53,45,51,55,38,25,46,47,53,47,58,35,41,35,46,55,42,58,48,48
"2007M01",1564,49,41,57,41,61,48,44,32,51,63,76,57,40,42,54,49,51,53,61,45,42,55,55,49,49,61,48,37,54,52,47
"2007M02",1462,56,59,54,32,60,64,64,43,68,48,39,51,55,50,53,63,43,27,43,70,46,64,71,47,28,55,56,53,-,-,-
"2007M03",1704,54,57,58,41,62,61,60,62,65,40,44,52,50,65,73,48,42,45,54,53,60,50,59,41,50,72,60,49,69,63,45
"2007M04",1509,42,57,54,47,56,57,43,45,42,55,53,58,47,35,52,56,58,55,51,55,32,31,57,56,52,63,61,44,39,56,-
"2007M05",1684,50,39,44,80,47,39,67,56,71,56,74,39,39,60,49,64,68,60,37,39,53,66,68,57,49,42,39,56,64,56,56
"2007M06",1748,70,41,49,67,63,54,64,58,42,40,55,59,66,62,63,47,50,61,58,69,82,76,54,38,58,66,75,64,54,43,-
"2007M07",1769,46,56,58,64,59,63,50,46,65,62,64,59,45,48,45,63,51,55,59,73,56,49,69,62,62,55,63,72,43,52,55
"2007M08",1765,51,66,57,44,32,64,65,62,74,63,35,39,62,75,45,67,61,46,42,70,56,56,66,71,50,46,60,54,62,66,58
"2007M09",1736,53,42,59,65,58,61,63,54,49,62,49,68,68,64,45,42,57,64,55,56,79,62,51,52,58,59,67,70,64,40,-
"2007M10",1782,66,63,68,65,74,61,35,59,45,49,52,64,39,49,68,59,66,57,64,39,33,60,69,81,60,67,50,42,65,64,49
"2007M11",1554,37,55,55,48,58,53,55,49,62,53,46,60,51,63,42,55,51,50,53,44,40,53,47,41,39,50,52,69,61,62,-
"2007M12",1546,51,32,75,49,51,62,57,40,32,55,52,40,44,64,49,41,60,44,52,66,63,41,35,56,41,45,65,65,48,37,34
"2008M01",1830,43,44,68,62,49,46,67,68,49,67,66,66,41,78,50,59,58,58,47,59,55,68,68,58,69,56,42,63,62,69,75
"2008M02",1597,65,52,41,62,56,59,66,48,46,34,62,59,64,64,61,43,34,72,52,57,55,67,42,54,69,59,54,52,48,-,-
"2008M03",1714,46,40,66,56,59,65,79,43,33,57,76,59,62,53,41,48,46,67,69,63,60,54,49,48,57,59,48,62,49,37,63
"2008M04",1716,48,60,59,69,55,44,62,59,66,60,75,52,40,60,49,54,54,54,43,49,52,70,58,78,61,48,40,67,64,66,-
"2008M05",1834,47,53,51,43,57,62,59,71,71,64,55,50,60,64,78,79,48,67,64,54,53,73,58,48,49,60,61,51,73,68,43
"2008M06",1784,42,65,58,46,61,81,41,39,63,69,57,60,58,49,42,60,75,55,55,74,52,47,61,82,68,72,78,60,53,61,-
"2008M07",2020,74,91,56,74,69,60,64,67,77,77,71,59,57,57,65,55,64,66,57,47,70,68,54,73,76,43,59,68,74,70,58
"2008M08",1932,81,61,53,65,68,65,62,89,47,42,66,77,72,71,40,53,48,68,74,76,70,65,46,51,64,73,55,70,61,42,57
"2008M09",1943,61,54,67,80,69,49,45,69,71,76,65,74,53,53,71,68,75,77,61,68,38,81,73,79,65,65,52,59,56,69,-
"2008M10",1870,65,63,56,60,49,57,67,71,78,69,42,40,59,59,67,61,67,47,37,70,80,64,77,72,52,44,66,58,56,72,45
"2008M11",1745,38,44,58,66,61,81,59,51,45,53,60,53,60,56,58,68,39,69,46,71,76,51,43,64,75,79,62,76,41,42,-
"2008M12",1832,67,72,62,71,78,42,56,46,68,52,66,69,43,48,71,57,67,73,54,45,50,63,72,64,46,40,42,46,64,68,70
"2009M01",1879,47,44,49,48,80,82,71,60,74,50,48,78,65,55,65,70,58,37,75,63,47,63,71,65,62,61,62,46,62,67,54
"2009M02",1538,45,64,73,52,53,64,49,43,61,61,51,65,61,47,55,66,56,55,55,56,49,45,61,46,52,56,58,39,-,-,-
"2009M03",1767,43,62,72,70,64,63,53,44,60,65,44,59,72,48,37,49,52,55,66,62,46,40,60,61,68,49,79,43,49,71,61
"2009M04",1744,50,78,71,41,51,63,65,49,66,64,44,56,47,72,68,57,61,49,58,65,57,55,56,51,52,41,46,68,64,79,-
"2009M05",1907,65,39,55,78,66,67,69,75,68,48,54,64,71,59,66,59,47,65,72,66,83,54,41,52,71,68,75,51,61,54,44
"2009M06",1847,62,65,65,72,61,55,41,59,64,77,57,66,49,33,72,51,65,78,58,53,50,70,69,66,70,88,54,52,66,59,-
"2009M07",2027,71,71,79,50,54,68,47,65,78,84,49,44,71,75,70,58,77,69,59,64,73,68,65,74,58,39,78,74,65,73,57
"2009M08",1892,44,51,61,61,74,71,63,51,50,67,52,49,65,67,55,53,69,74,68,76,64,56,48,65,66,60,65,72,49,50,76
"2009M09",1902,61,71,78,63,51,43,66,62,75,70,63,51,56,65,50,70,68,67,58,47,79,80,76,69,79,42,59,70,55,58,-
"2009M10",1874,72,74,58,52,64,64,55,65,61,55,56,44,54,69,67,72,41,41,63,61,58,61,67,60,52,68,58,65,64,80,53
"2009M11",1676,42,61,61,49,57,69,54,56,61,65,56,71,60,43,41,56,57,62,56,51,34,40,66,54,61,61,74,44,50,64,-
"2009M12",1803,63,63,51,71,63,57,64,66,42,62,61,56,42,54,62,66,71,78,52,47,67,54,60,58,42,41,48,66,64,64,48
"2010M01",1876,38,57,49,76,77,59,61,71,51,51,78,64,61,59,67,51,50,62,62,68,78,69,48,48,78,58,54,65,66,49,51
"2010M02",1712,52,65,61,64,75,49,49,56,67,72,79,78,54,59,55,62,58,60,64,52,54,73,81,58,66,66,50,33,-,-,-
"2010M03",1898,71,69,70,72,64,45,45,62,66,65,78,64,54,51,69,67,59,55,75,62,48,52,49,60,68,74,62,46,67,51,58
"2010M04",1775,61,70,54,48,38,60,66,60,75,53,46,70,55,67,75,76,46,46,57,61,61,65,70,38,53,67,48,66,72,51,-
"2010M05",1863,46,54,56,66,60,71,77,63,41,79,67,60,59,70,57,42,70,63,63,68,61,48,43,64,75,61,73,59,43,52,52
"2010M06",1844,76,74,60,76,52,48,69,58,56,61,72,53,47,62,60,57,66,69,56,41,62,61,64,68,41,60,56,61,78,80,-
"2010M07",1991,77,88,50,62,66,69,55,65,72,39,45,74,62,84,58,61,50,45,48,64,76,80,74,53,56,75,72,78,54,76,63
"2010M08",1907,53,81,72,65,60,73,48,50,59,64,74,51,68,53,58,73,71,64,62,66,51,42,69,63,60,54,71,55,44,69,64
"2010M09",1979,58,68,77,56,57,85,67,74,69,54,49,57,61,55,79,69,62,61,46,90,85,83,68,58,61,47,85,71,64,63,-
"2010M10",1958,77,58,53,63,51,72,80,83,35,47,70,65,67,49,74,60,38,50,87,82,60,69,52,51,67,76,66,68,76,59,53
"2010M11",1759,39,51,56,65,80,51,49,82,61,62,72,79,45,47,62,59,61,55,59,44,49,57,56,54,56,78,51,39,74,66,-
"2010M12",1781,58,65,64,48,48,64,56,68,59,63,55,41,58,62,59,60,64,40,40,62,72,62,81,71,45,42,65,48,60,61,40
"2011M01",1868,47,43,65,73,59,76,58,53,55,71,60,59,58,89,41,46,56,62,60,74,86,51,56,46,77,59,54,73,42,48,71
"2011M02",1603,72,62,65,70,55,36,53,51,59,67,60,36,56,65,57,60,52,59,45,43,56,58,64,81,63,46,48,64,-,-,-
"2011M03",1815,60,45,63,73,42,46,71,57,57,69,64,47,56,73,58,50,71,62,43,51,68,60,56,54,65,58,45,60,67,58,66
"2011M04",1790,74,37,52,66,53,56,63,78,48,57,61,55,61,68,60,45,55,52,52,62,72,71,50,52,63,86,56,71,68,46,-
"2011M05",1829,62,39,55,68,66,68,65,47,59,51,61,59,56,45,34,77,49,78,64,75,52,54,66,58,79,68,60,46,25,70,73
"2011M06",1794,59,64,52,42,62,45,64,66,65,58,44,49,62,59,56,78,60,62,39,61,70,65,57,74,43,50,73,71,67,77,-
"2011M07",2013,67,54,54,57,76,71,70,71,57,54,61,76,65,68,66,47,52,68,64,84,81,56,64,49,90,58,60,74,79,62,58
"2011M08",2027,63,75,71,82,68,41,55,96,66,62,73,63,66,56,48,75,64,71,76,53,52,75,69,68,74,77,50,45,60,67,66
"2011M09",1932,64,69,68,33,55,59,69,65,73,56,59,88,66,66,59,76,54,57,59,80,76,67,80,61,42,76,60,57,67,71,-
"2011M10",1780,46,58,59,61,59,61,73,53,34,50,60,58,70,59,53,30,68,61,61,76,67,43,49,58,70,71,48,71,49,48,56
"2011M11",1785,57,62,71,76,51,45,59,54,68,74,76,46,43,71,57,65,54,64,55,44,53,62,48,75,61,63,47,64,58,62,-
"2011M12",1711,71,59,35,44,64,55,51,47,69,43,38,66,60,71,62,75,37,52,62,78,65,45,57,39,44,48,66,59,55,53,41
"2012M01",1852,47,45,55,54,62,77,44,65,60,54,67,74,77,50,54,58,65,50,48,71,48,47,74,83,65,64,46,63,51,75,59
"2012M02",1670,52,61,61,37,54,70,70,46,62,64,47,47,69,63,73,62,82,49,51,52,51,60,62,55,56,40,66,57,51,-,-
"2012M03",1704,69,72,55,39,63,51,43,64,53,40,32,63,60,59,68,58,43,37,53,68,58,66,66,41,32,56,63,55,71,66,40
"2012M04",1791,48,52,58,66,74,62,44,44,60,60,63,67,61,50,52,62,65,65,48,72,51,52,59,71,70,89,56,59,46,65,-
"2012M05",1903,54,48,66,84,62,53,74,67,73,65,74,56,49,71,70,62,60,74,55,42,65,58,65,73,60,45,44,57,69,56,52
"2012M06",1758,64,51,36,68,49,75,62,56,50,37,70,58,58,62,58,52,50,57,50,75,63,71,57,44,65,75,65,73,60,47,-
"2012M07",1945,36,77,68,65,76,73,47,42,59,72,75,52,72,44,51,57,81,77,61,69,52,53,61,71,71,61,81,52,52,73,64
"2012M08",1979,72,67,74,48,55,57,72,65,58,79,54,45,66,68,56,74,71,43,61,81,80,73,80,63,48,55,66,63,56,70,59
"2012M09",1967,57,44,71,83,59,84,68,59,54,65,71,72,68,73,62,61,56,75,61,81,68,51,47,71,88,69,61,80,61,47,-
"2012M10",1936,72,73,71,64,59,42,57,72,59,77,59,69,57,43,63,82,66,65,74,51,43,69,63,65,68,61,46,51,73,74,48
"2012M11",1770,48,79,66,36,62,59,74,68,74,44,54,87,69,56,63,64,55,37,62,53,53,62,73,49,32,49,65,69,53,55,-
"2012M12",1663,52,40,66,56,61,64,57,45,38,74,54,76,64,51,46,44,67,62,53,55,68,41,42,63,27,55,55,63,36,34,54
"2013M01",1727,46,54,49,54,40,45,58,46,58,64,68,58,48,66,63,64,58,72,49,64,69,60,55,59,63,37,30,69,51,47,63
"2013M02",1495,48,53,52,53,63,53,71,46,45,35,58,70,56,57,59,46,39,48,49,59,57,56,47,44,48,59,55,69,-,-,-
"2013M03",1730,67,41,43,73,53,65,54,73,44,48,64,67,70,58,66,48,42,50,50,63,64,63,46,51,58,48,58,66,55,45,37
"2013M04",1623,41,54,60,49,64,55,46,57,63,58,47,58,38,38,72,55,64,71,55,48,34,64,55,52,60,54,44,46,59,62,-
"2013M05",1841,55,49,72,48,65,58,66,72,58,56,50,46,73,54,65,64,61,43,45,73,66,55,54,61,42,56,60,71,69,62,72
"2013M06",1752,36,47,82,66,56,60,50,49,60,73,67,53,70,55,43,42,65,59,69,66,50,57,47,69,41,67,73,68,55,57,-
"2013M07",1957,75,63,68,74,64,59,53,57,52,76,73,68,36,60,68,62,60,65,84,44,77,65,73,67,69,49,63,42,68,67,56
"2013M08",1920,73,72,57,56,62,73,61,73,67,64,48,66,61,57,58,65,47,61,68,77,60,68,71,45,42,64,64,63,69,70,38
"2013M09",1897,51,63,80,67,54,73,40,49,83,65,53,60,64,48,51,72,73,68,64,64,68,43,71,68,77,75,67,56,53,77,-
"2013M10",1877,74,61,67,77,78,43,79,63,56,59,63,58,39,57,70,62,77,74,54,46,65,52,52,53,55,46,65,64,52,69,47
"2013M11",1672,28,42,46,66,74,70,72,58,36,38,54,71,49,59,72,45,41,53,57,60,63,70,43,44,62,60,61,69,55,54,-
"2013M12",1620,44,54,49,49,57,54,50,43,77,67,51,47,53,43,44,61,48,61,66,70,47,37,62,60,46,41,56,50,47,44,42
"2014M01",1760,50,73,57,42,61,56,73,63,56,64,43,45,58,55,44,68,72,49,56,59,50,55,51,64,39,40,79,60,58,65,55
"2014M02",1532,44,48,54,57,51,69,61,40,36,54,55,56,56,67,47,50,53,60,57,63,60,56,39,53,70,60,52,64,-,-,-
"2014M03",1701,55,52,68,51,43,57,67,52,35,56,60,65,57,58,52,58,61,59,58,56,57,55,43,58,51,52,55,66,46,43,55
"2014M04",1794,51,51,63,59,41,39,64,70,72,63,72,45,41,69,64,65,61,61,59,41,41,78,62,76,79,56,41,73,66,71,-
"2014M05",1806,55,55,51,45,64,71,68,62,54,44,43,67,61,61,56,58,52,40,57,59,61,78,56,62,35,70,65,62,66,73,55
"2014M06",1767,39,58,59,54,63,70,49,44,69,67,69,67,59,51,44,52,66,68,55,62,56,56,60,74,50,64,75,50,51,66,-
"2014M07",1954,61,59,70,65,47,40,65,63,61,73,76,48,63,87,64,73,73,50,68,60,68,57,75,74,63,56,36,64,66,70,59
"2014M08",1934,60,58,60,77,79,63,66,67,54,52,80,55,62,84,56,51,58,63,60,64,77,72,42,39,70,53,75,63,71,60,43
"2014M09",1845,68,54,52,65,65,48,29,58,69,69,68,62,54,43,65,84,71,73,72,65,47,70,67,70,61,72,49,46,71,58,-
"2014M10",1853,78,64,62,54,42,77,70,57,53,77,40,42,66,57,71,68,68,46,50,63,69,61,62,62,41,59,55,63,71,57,48
"2014M11",1588,41,52,60,60,55,71,61,54,42,63,63,60,49,60,33,44,64,46,41,56,61,53,35,56,56,52,51,61,53,35,-
"2014M12",1631,57,56,59,52,56,35,42,64,64,37,54,63,38,33,56,66,63,61,60,41,44,64,58,62,43,45,42,54,57,53,52
"2015M01",1729,38,65,59,53,63,67,53,59,54,44,37,56,67,63,63,74,54,47,58,66,63,56,61,41,38,63,51,44,59,67,46
"2015M02",1560,43,71,59,56,68,64,51,41,66,58,53,69,50,44,40,49,67,64,48,62,42,48,68,61,61,55,63,39,-,-,-
"2015M03",1599,36,49,61,55,63,80,29,44,44,67,52,57,60,39,48,51,66,63,59,56,35,36,51,59,51,33,54,51,40,43,67
"2015M04",1662,52,43,59,40,38,51,59,66,55,89,39,37,65,62,58,61,67,45,45,75,55,53,62,65,44,44,54,47,70,62,-
"2015M05",1826,49,55,49,82,62,61,57,66,54,54,68,60,75,69,68,46,48,53,56,65,52,66,49,54,85,59,52,55,56,51,50
"2015M06",1802,66,66,59,62,58,52,39,64,66,56,61,67,45,33,76,71,70,72,56,54,47,59,55,83,65,67,54,51,60,68,-
"2015M07",1910,64,76,74,50,51,82,75,78,54,61,49,50,61,67,65,57,65,48,52,61,71,58,50,63,40,52,69,54,66,76,71
"2015M08",1820,53,42,60,49,70,58,75,64,40,50,73,67,47,59,57,46,69,73,67,70,58,54,48,61,73,58,51,58,48,54,68
"2015M09",1807,58,63,58,59,50,44,68,73,62,67,56,39,38,58,58,64,47,69,38,60,65,79,81,70,83,54,48,54,74,70,-
"2015M10",1759,77,67,54,48,72,71,78,63,56,55,36,68,54,50,46,57,59,40,57,53,62,65,60,35,47,59,63,50,55,52,50
"2015M11",1608,39,68,51,52,56,63,51,42,55,58,56,46,60,46,52,56,67,51,60,69,44,51,65,47,58,46,53,36,50,60,-
"2015M12",1559,42,56,53,68,48,53,62,46,46,55,62,39,42,63,65,66,60,46,43,46,53,51,59,39,36,36,42,44,44,49,45
"2016M01",1702,42,51,41,57,56,67,51,66,45,40,57,57,59,66,45,57,48,68,62,66,68,76,49,41,57,60,54,48,57,42,49
"2016M02",1529,54,64,60,49,64,46,52,46,62,62,39,55,46,48,62,52,61,47,43,39,37,65,65,56,56,75,47,35,42,-,-
"2016M03",1684,66,63,62,66,39,34,62,63,57,57,54,41,52,62,51,68,51,50,48,35,47,57,60,49,73,62,44,39,59,53,60
"2016M04",1630,60,59,50,62,67,51,59,64,54,37,49,55,54,56,73,48,50,52,54,57,56,63,49,36,39,60,41,59,61,55,-
"2016M05",1716,42,56,49,71,56,55,39,45,68,66,45,65,48,40,40,66,55,68,57,61,44,57,68,49,57,68,53,47,59,65,57
"2016M06",1710,56,66,67,35,44,62,58,67,60,64,42,35,68,55,59,54,55,46,37,70,62,80,73,58,47,55,60,54,59,62,-
"2016M07",1898,60,46,40,60,68,57,56,83,58,51,51,52,65,65,69,52,37,72,82,83,83,65,41,57,67,54,74,73,78,46,53
"2016M08",1862,64,53,66,61,70,51,42,72,54,55,58,66,58,61,52,68,72,53,56,53,57,72,75,61,55,68,56,56,50,71,56
"2016M09",1852,58,79,45,39,71,68,62,62,71,43,40,92,42,74,66,71,59,56,78,79,67,54,67,55,52,60,52,58,56,76,-
"2016M10",1676,55,48,76,67,56,55,69,38,42,73,57,54,50,58,36,54,54,34,62,49,73,53,45,51,48,47,66,63,55,35,53
"2016M11",1545,33,71,64,59,39,43,62,75,55,54,58,51,39,37,57,52,69,49,40,44,53,48,53,46,46,39,49,63,51,46,-
"2016M12",1541,60,59,48,41,55,58,53,51,48,56,34,40,59,47,49,62,41,32,57,50,54,54,62,37,36,41,49,62,51,48,47
"2017M01",1626,37,37,54,65,46,67,44,40,55,56,68,62,57,36,34,62,55,53,65,51,53,38,54,79,61,51,60,45,39,54,48
"2017M02",1503,49,67,46,43,42,70,56,52,73,71,38,30,58,59,61,60,61,44,45,56,56,50,61,60,51,33,58,53,-,-,-
"2017M03",1639,51,40,51,60,46,47,58,71,55,56,42,47,65,71,71,61,52,45,43,55,52,51,58,54,39,31,51,45,46,55,70
"2017M04",1628,45,37,56,57,47,66,54,52,48,47,69,76,51,48,47,33,33,54,79,66,65,53,41,58,66,68,47,72,51,42,-
"2017M05",1733,48,48,66,62,59,40,51,59,48,54,44,68,55,53,49,59,57,57,66,58,38,62,61,66,61,49,57,50,55,61,72
"2017M06",1751,62,77,51,47,62,62,56,58,70,54,49,65,64,62,73,74,44,37,55,59,53,64,72,47,57,52,58,54,61,52,-
"2017M07",1884,48,32,50,61,65,67,78,56,49,80,68,47,67,70,43,61,64,58,63,77,61,62,42,76,57,68,69,81,51,51,62
"2017M08",1893,60,59,62,53,55,57,73,75,69,64,68,56,48,73,48,58,84,77,53,45,53,59,68,67,67,50,31,82,53,67,59
"2017M09",1765,85,48,48,58,56,64,70,62,49,40,61,66,46,54,61,51,60,45,68,60,61,73,49,41,67,68,67,62,77,48,-
"2017M10",1753,55,72,57,57,72,49,48,46,56,58,52,66,67,46,50,64,68,59,63,58,34,48,59,58,61,62,56,54,42,57,59
"2017M11",1548,45,59,71,46,36,58,63,51,64,65,58,35,47,49,60,46,58,35,32,38,48,51,50,56,54,42,58,49,63,61,-
"2017M12",1518,54,37,24,40,66,47,62,58,37,48,59,42,63,58,67,38,35,57,53,42,54,57,43,48,45,41,53,58,46,43,43
"2018M01",1628,54,38,48,56,65,46,37,61,55,57,55,67,44,50,49,40,57,39,65,48,43,63,53,61,61,51,45,50,56,55,59
"2018M02",1464,59,65,48,39,55,63,54,45,57,48,49,68,49,56,54,67,55,43,47,49,57,52,47,46,40,53,51,48,-,-,-
"2018M03",1611,61,48,52,41,67,49,57,56,52,32,48,48,72,52,46,56,38,41,59,54,48,47,57,36,42,66,57,64,63,58,44
"2018M04",1525,30,41,61,54,55,61,38,42,56,61,41,56,52,40,37,52,43,62,59,60,46,42,51,81,53,66,48,41,48,48,-
"2018M05",1680,49,42,58,61,61,44,56,57,60,61,73,36,38,58,53,58,72,43,42,48,56,47,63,67,57,45,39,54,64,63,55
"2018M06",1680,76,35,39,65,62,62,54,57,47,49,51,51,54,54,68,56,41,64,69,64,54,71,33,44,49,60,72,57,68,54,-
"2018M07",1811,45,54,68,72,83,61,48,45,69,61,65,56,71,46,46,63,79,65,45,44,54,56,59,60,70,61,62,41,38,59,65
"2018M08",1774,62,79,67,51,52,57,66,66,54,66,43,43,56,67,33,67,61,47,51,57,53,59,69,61,43,38,66,62,56,67,55
"2018M09",1690,49,35,64,58,62,57,56,50,40,60,65,68,70,56,41,45,55,69,64,68,72,43,45,53,73,56,64,68,46,38,-
"2018M10",1671,57,45,78,60,74,43,31,63,54,56,60,48,41,38,52,50,56,71,47,52,52,58,54,67,65,64,48,44,48,53,42
"2018M11",1560,33,64,42,50,67,61,57,61,56,53,25,65,54,44,50,62,36,45,57,56,58,52,61,35,45,61,55,59,48,48,-
"2018M12",1491,30,36,55,59,66,54,55,30,34,54,47,50,43,53,42,30,65,54,67,58,57,52,39,56,27,33,51,49,41,37,67
"2019M01",1656,48,33,57,76,48,33,65,60,49,51,55,43,41,69,48,61,66,62,57,33,62,51,62,61,51,45,47,58,47,64,53
"2019M02",1325,47,34,38,60,49,67,49,33,39,43,64,61,45,38,55,33,34,55,37,47,51,53,41,30,54,55,66,47,-,-,-
"2019M03",1584,64,50,48,51,54,45,48,56,53,34,48,59,66,57,62,49,38,56,51,52,66,56,44,40,53,47,45,54,55,44,39
"2019M04",1545,33,51,50,61,60,38,43,55,59,59,66,46,45,41,65,57,50,76,53,38,32,48,51,45,66,64,39,41,64,49,-
"2019M05",1676,46,41,60,48,43,63,61,56,49,62,43,33,49,51,61,81,73,52,41,54,70,46,73,58,42,44,57,58,52,51,58
"2019M06",1635,52,37,61,65,51,72,55,51,50,56,70,68,63,57,52,32,61,61,54,74,52,45,37,48,48,47,70,59,57,30,-
"2019M07",1788,74,56,73,52,60,32,47,63,56,51,62,63,34,40,55,69,77,64,67,47,46,67,59,52,65,65,50,58,58,64,62
"2019M08",1731,75,57,56,41,52,63,66,63,58,51,42,69,49,53,42,64,32,40,62,62,67,52,64,53,46,60,52,55,54,71,60
"2019M09",1685,39,52,56,59,53,53,46,51,67,60,63,48,71,39,50,69,68,71,65,65,49,39,58,48,68,57,67,48,42,64,-
"2019M10",1690,68,81,75,53,53,46,52,41,79,74,78,44,31,63,69,59,51,39,39,35,54,49,56,52,57,47,34,55,62,51,43
"2019M11",1531,48,51,48,54,48,57,51,54,33,35,62,63,56,69,70,37,36,57,52,55,64,58,36,35,60,54,49,47,46,46,-
"2019M12",1482,41,63,55,47,50,60,38,32,48,46,55,62,58,41,33,53,46,36,69,63,34,35,73,43,33,41,53,36,37,55,46
"2020M01",1576,59,36,67,43,37,53,67,47,66,55,42,28,48,55,42,55,67,45,33,44,48,67,53,55,51,29,52,53,63,57,59
"2020M02",1350,36,31,59,47,50,46,49,39,28,54,60,51,59,45,42,34,62,58,51,54,39,48,29,52,41,50,51,57,28,-,-
"2020M03",1527,36,50,62,53,56,59,45,37,45,51,44,54,57,55,35,52,47,61,52,49,48,28,64,46,61,55,46,38,38,51,52
"2020M04",1480,55,56,50,55,40,52,46,45,66,55,42,30,33,63,51,53,45,35,43,52,49,57,47,58,48,50,42,34,66,62,-
"2020M05",1606,46,37,36,51,61,55,46,54,34,46,51,60,59,78,72,52,43,60,61,56,55,64,53,31,54,38,42,57,59,51,44
"2020M06",1606,59,50,60,54,44,50,41,57,59,67,52,56,41,39,63,53,50,56,53,46,44,61,54,78,42,63,40,45,65,64,-
"2020M07",1707,56,50,59,36,56,64,60,48,63,59,48,40,38,73,50,66,63,43,45,50,55,69,65,60,56,51,70,49,46,50,69
"2020M08",1737,55,38,57,62,59,61,54,51,42,57,73,67,62,66,44,48,70,61,59,57,58,60,33,59,59,72,57,49,48,42,57
"2020M09",1697,55,49,54,53,51,47,55,62,61,57,58,49,33,66,61,57,60,58,43,42,68,57,64,60,66,62,47,74,59,69,-
"2020M10",1648,61,55,48,49,52,53,54,67,43,53,41,56,44,65,71,49,44,41,70,56,55,51,61,44,34,70,48,57,59,64,33
"2020M11",1402,33,47,42,50,52,61,51,31,45,56,59,53,54,36,40,48,44,45,53,59,44,25,55,52,52,44,55,42,34,40,-
"2020M12",1431,40,51,41,53,49,40,49,58,40,56,44,41,28,42,53,58,61,51,39,27,58,57,40,45,43,28,33,56,56,47,47
"2021M01 (zaèasni podatki)",1544,37,44,44,57,58,53,61,58,38,46,50,72,48,52,59,43,49,51,45,43,58,45,54,47,50,57,51,53,48,44,29
"2021M02 (zaèasni podatki)",1331,48,57,53,49,55,48,27,43,63,52,60,44,42,32,47,52,42,47,45,43,55,48,56,47,48,50,37,41,-,-,-
"2021M03 (zaèasni podatki)",1556,64,46,60,45,53,37,23,51,52,48,60,67,31,42,45,56,52,62,58,50,35,47,54,69,57,55,46,40,52,45,54
"2021M04 (zaèasni podatki)",1496,60,58,38,40,27,57,58,52,49,47,29,52,47,61,55,51,39,44,50,48,49,56,68,43,41,68,46,54,57,52,-
"2021M05 (zaèasni podatki)",1498,34,44,55,45,65,57,50,40,37,56,48,50,50,60,51,45,44,49,52,52,50,32,31,49,52,56,61,57,42,31,53
"2021M06 (zaèasni podatki)",1512,47,54,60,60,46,36,56,56,65,43,53,52,38,49,59,55,51,55,46,35,56,46,49,45,42,53,38,63,55,49,-
"2021M07 (zaèasni podatki)",1710,53,61,48,52,53,54,65,68,64,60,36,57,57,64,55,65,42,55,46,55,59,60,51,45,38,55,55,60,75,63,39
"2021M08 (zaèasni podatki)",1755,40,70,61,59,57,74,44,53,61,58,47,60,40,47,55,61,63,63,67,76,45,44,65,46,63,53,65,42,47,63,66
"2021M09 (zaèasni podatki)",1625,51,58,66,47,33,58,46,57,57,47,43,50,65,69,58,65,57,42,40,57,62,65,61,63,42,40,65,52,54,55,-
